{
  "model": "gpt2",
  "dtype": "float16",
  "prompt": "The best GPU programming language is",
  "method": "offline vllm.LLM.generate",
  "greedy_decoding": true,
  "warmup_runs": 3,
  "notes": [
    "TTFT is approximated by timing max_tokens=1 because offline generate is not streaming.",
    "Average decode step is estimated as max(0, full generation latency - TTFT) / (generated_tokens - 1).",
    "vLLM uses its normal cached/PagedAttention path; there is no no-cache comparison here.",
    "This compares full stacks, not isolated kernels."
  ],
  "summaries": [
    {
      "max_tokens": 15,
      "runs": 10,
      "representative_generated_tokens": 15,
      "representative_token_ids": [
        11361,
        13,
        198,
        198,
        464,
        1266,
        11362,
        8300,
        3303,
        318,
        11361,
        13,
        383,
        1266,
        11362
      ],
      "representative_text": " Python.\n\nThe best GPU programming language is Python. The best GPU",
      "ttft_sec_mean": 0.002451217919588089,
      "ttft_sec_p50": 0.002438237890601158,
      "ttft_sec_p95": 0.0025891251862049103,
      "ttft_sec_min": 0.0023985113948583603,
      "ttft_sec_max": 0.0025891251862049103,
      "total_latency_sec_mean": 0.011838910356163978,
      "total_latency_sec_p50": 0.011770411394536495,
      "total_latency_sec_p95": 0.012455068528652191,
      "total_latency_sec_min": 0.01171963568776846,
      "total_latency_sec_max": 0.012455068528652191,
      "avg_decode_step_sec_mean": 0.0006705494597554207,
      "avg_decode_step_sec_p50": 0.0006658875915621008,
      "avg_decode_step_sec_p95": 0.00071538206455963,
      "avg_decode_step_sec_min": 0.0006604702211916447,
      "avg_decode_step_sec_max": 0.00071538206455963
    },
    {
      "max_tokens": 100,
      "runs": 10,
      "representative_generated_tokens": 100,
      "representative_token_ids": [
        11361,
        13,
        198,
        198,
        464,
        1266,
        11362,
        8300,
        3303,
        318,
        11361,
        13,
        383,
        1266,
        11362,
        8300,
        3303,
        318,
        11361,
        13,
        383,
        1266,
        11362,
        8300,
        3303,
        318,
        11361,
        13,
        383,
        1266,
        11362,
        8300,
        3303,
        318,
        11361,
        13,
        383,
        1266,
        11362,
        8300,
        3303,
        318,
        11361,
        13,
        383,
        1266,
        11362,
        8300,
        3303,
        318,
        11361,
        13,
        383,
        1266,
        11362,
        8300,
        3303,
        318,
        11361,
        13,
        383,
        1266,
        11362,
        8300,
        3303,
        318,
        11361,
        13,
        383,
        1266,
        11362,
        8300,
        3303,
        318,
        11361,
        13,
        383,
        1266,
        11362,
        8300,
        3303,
        318,
        11361,
        13,
        383,
        1266,
        11362,
        8300,
        3303,
        318,
        11361,
        13,
        383,
        1266,
        11362,
        8300,
        3303,
        318,
        11361,
        13
      ],
      "representative_text": " Python.\n\nThe best GPU programming language is Python. The best GPU programming language is Python. The best GPU programming language is Python. The best GPU programming language is Python. The best GPU programming language is Python. The best GPU programming language is Python. The best GPU programming language is Python. The best GPU programming language is Python. The best GPU programming language is Python. The best GPU programming language is Python. The best GPU programming language is Python. The best GPU programming language is Python.",
      "ttft_sec_mean": 0.0024483651854097844,
      "ttft_sec_p50": 0.002459527924656868,
      "ttft_sec_p95": 0.002544669434428215,
      "ttft_sec_min": 0.002285354770720005,
      "ttft_sec_max": 0.002544669434428215,
      "total_latency_sec_mean": 0.06838072389364243,
      "total_latency_sec_p50": 0.0681028738617897,
      "total_latency_sec_p95": 0.0689086802303791,
      "total_latency_sec_min": 0.06803156808018684,
      "total_latency_sec_max": 0.0689086802303791,
      "avg_decode_step_sec_mean": 0.0006659834212952791,
      "avg_decode_step_sec_p50": 0.0006630641003750791,
      "avg_decode_step_sec_p95": 0.0006729628834309,
      "avg_decode_step_sec_min": 0.000662256201559847,
      "avg_decode_step_sec_max": 0.0006729628834309
    }
  ]
}