{
  "model": "gpt2",
  "dtype": "float32",
  "prompt": "The best GPU programming language is",
  "method": "offline vllm.LLM.generate",
  "greedy_decoding": true,
  "warmup_runs": 3,
  "notes": [
    "TTFT is approximated by timing max_tokens=1 because offline generate is not streaming.",
    "Average decode step is estimated as max(0, full generation latency - TTFT) / (generated_tokens - 1).",
    "vLLM uses its normal cached/PagedAttention path; there is no no-cache comparison here.",
    "This compares full stacks, not isolated kernels."
  ],
  "summaries": [
    {
      "max_tokens": 15,
      "runs": 10,
      "representative_generated_tokens": 15,
      "representative_token_ids": [
        11361,
        13,
        198,
        198,
        37906,
        318,
        257,
        8300,
        3303,
        326,
        318,
        2562,
        284,
        2193,
        290
      ],
      "representative_text": " Python.\n\nPython is a programming language that is easy to learn and",
      "ttft_sec_mean": 0.0027618189342319965,
      "ttft_sec_p50": 0.002761022187769413,
      "ttft_sec_p95": 0.0028058476746082306,
      "ttft_sec_min": 0.002706758677959442,
      "ttft_sec_max": 0.0028058476746082306,
      "total_latency_sec_mean": 0.015411811601370572,
      "total_latency_sec_p50": 0.015425990335643291,
      "total_latency_sec_p95": 0.01545938290655613,
      "total_latency_sec_min": 0.015332360751926899,
      "total_latency_sec_max": 0.01545938290655613,
      "avg_decode_step_sec_mean": 0.0009035709047956126,
      "avg_decode_step_sec_p50": 0.0009046405819909913,
      "avg_decode_step_sec_p95": 0.0009078494539218289,
      "avg_decode_step_sec_min": 0.0008947509340941906,
      "avg_decode_step_sec_max": 0.0009078494539218289
    },
    {
      "max_tokens": 100,
      "runs": 10,
      "representative_generated_tokens": 100,
      "representative_token_ids": [
        11361,
        13,
        198,
        198,
        37906,
        318,
        257,
        8300,
        3303,
        326,
        318,
        2562,
        284,
        2193,
        290,
        779,
        13,
        632,
        318,
        257,
        3303,
        326,
        318,
        2562,
        284,
        2193,
        290,
        779,
        13,
        632,
        318,
        257,
        3303,
        326,
        318,
        2562,
        284,
        2193,
        290,
        779,
        13,
        632,
        318,
        257,
        3303,
        326,
        318,
        2562,
        284,
        2193,
        290,
        779,
        13,
        632,
        318,
        257,
        3303,
        326,
        318,
        2562,
        284,
        2193,
        290,
        779,
        13,
        632,
        318,
        257,
        3303,
        326,
        318,
        2562,
        284,
        2193,
        290,
        779,
        13,
        632,
        318,
        257,
        3303,
        326,
        318,
        2562,
        284,
        2193,
        290,
        779,
        13,
        632,
        318,
        257,
        3303,
        326,
        318,
        2562,
        284,
        2193,
        290,
        779
      ],
      "representative_text": " Python.\n\nPython is a programming language that is easy to learn and use. It is a language that is easy to learn and use. It is a language that is easy to learn and use. It is a language that is easy to learn and use. It is a language that is easy to learn and use. It is a language that is easy to learn and use. It is a language that is easy to learn and use. It is a language that is easy to learn and use",
      "ttft_sec_mean": 0.002873034402728081,
      "ttft_sec_p50": 0.0027983533218503,
      "ttft_sec_p95": 0.003142128698527813,
      "ttft_sec_min": 0.002638799138367176,
      "ttft_sec_max": 0.003142128698527813,
      "total_latency_sec_mean": 0.0914019306190312,
      "total_latency_sec_p50": 0.09118510503321886,
      "total_latency_sec_p95": 0.09238881804049015,
      "total_latency_sec_min": 0.09090701397508383,
      "total_latency_sec_max": 0.09238881804049015,
      "avg_decode_step_sec_mean": 0.0008942312749121526,
      "avg_decode_step_sec_p50": 0.0008908581421381295,
      "avg_decode_step_sec_p95": 0.0009065658474961916,
      "avg_decode_step_sec_min": 0.0008878268188599384,
      "avg_decode_step_sec_max": 0.0009065658474961916
    }
  ]
}